customer_id,name,email,phone,location,signup_date,is_premium,preferred_cuisine,total_orders,average_rating
1,Chatresh Chacko,veergupta@example.org,2580224556,"Bhargava Ganj, Mylapore, Chennai, Tamil Nadu, India - 513679",17-08-2020,0,North Indian,29,0.91
2,Jason Bhattacharyya,kai10@example.com,+918086735244,"Kale Road, Mylapore, Chennai, Tamil Nadu, India - 155029",30-05-2022,1,Continental,90,4.08
3,Fariq Vora,manthanbrar@example.org,+918751477020,"Choudhary Marg, Kodambakkam, Chennai, Tamil Nadu, India - 809465",20-01-2020,0,South Indian,61,4.37
4,Anmol Viswanathan,bahadurjitdesai@example.com,+912487388841,"Rama Path, Mylapore, Chennai, Tamil Nadu, India - 007160",02-01-2020,0,Continental,23,2.64
5,Neel Gokhale,chadaekaja@example.org,+914996146191,"Magar Street, Mylapore, Chennai, Tamil Nadu, India - 956529",17-02-2025,1,North Indian,34,1.32
6,Arjun Dhaliwal,triveni98@example.com,+912487353808,"Bhat Road, Velachery, Chennai, Tamil Nadu, India - 333292",26-12-2022,0,Continental,8,2.98
7,Upma Wali,om01@example.com,7293548271,"Garg Path, Chrompet, Chennai, Tamil Nadu, India - 434737",26-09-2024,1,Continental,29,3.21
8,Jeremiah Kaur,ccheema@example.com,+912638198938,"Chakraborty Nagar, Chrompet, Chennai, Tamil Nadu, India - 252794",09-06-2022,1,South Indian,68,1.31
9,Pratyush Yogi,kritika55@example.com,6460591121,"Dewan Nagar, Anna Nagar, Chennai, Tamil Nadu, India - 124839",12-10-2021,0,South Indian,99,4.54
10,Anusha Arora,henrywason@example.com,+919875150122,"Sangha Chowk, Adyar, Chennai, Tamil Nadu, India - 782335",14-02-2020,0,Continental,89,4.67
11,Warda Sant,sainireva@example.org,03060595637,"Sani Ganj, Guindy, Chennai, Tamil Nadu, India - 646703",27-12-2021,1,North Indian,93,2.43
12,Chameli Thaman,reyanshramachandran@example.net,05918522653,"Prabhu Ganj, Tambaram, Chennai, Tamil Nadu, India - 675175",03-11-2020,0,South Indian,42,3.77
13,Pooja Pau,matthew03@example.net,8679458736,"Dhillon, Mylapore, Chennai, Tamil Nadu, India - 211720",27-06-2020,1,Chinese,71,4.75
14,Warhi Kannan,xavierpalan@example.com,01698523936,"Mohan Path, Nungambakkam, Chennai, Tamil Nadu, India - 680104",11-09-2024,0,Chinese,14,3.59
15,Azad Chopra,harinakshigoda@example.net,+917713505925,"Aurora Path, Anna Nagar, Chennai, Tamil Nadu, India - 097847",20-05-2021,0,Italian,72,0.9
16,Rachit Shere,vasudhanarain@example.net,+911415741768,"Batta Zila, Guindy, Chennai, Tamil Nadu, India - 086176",08-07-2025,1,Chinese,36,4.85
17,Rajeshri Shukla,imodi@example.com,9775307056,"Om Street, Nungambakkam, Chennai, Tamil Nadu, India - 517375",12-09-2022,1,Continental,92,2.26
18,Falguni Agarwal,pandyajasmit@example.org,+914561209725,"Goyal, T. Nagar, Chennai, Tamil Nadu, India - 616092",21-02-2024,0,South Indian,44,1.51
19,Yamini Som,ridhi54@example.org,05639645871,"Walla Zila, Perungudi, Chennai, Tamil Nadu, India - 080615",07-12-2022,0,Chinese,48,0.32
20,Xalak Modi,arjundora@example.org,09307317985,"Nath Marg, Kodambakkam, Chennai, Tamil Nadu, India - 215350",06-11-2020,1,Italian,6,2.78
21,Qadim Comar,aahanaedwin@example.org,+916145227824,"Tata Nagar, Nungambakkam, Chennai, Tamil Nadu, India - 647136",03-06-2020,1,Continental,65,4.25
22,Krish Basak,obhardwaj@example.net,00143792745,"Kala Marg, Velachery, Chennai, Tamil Nadu, India - 883011",06-06-2025,1,North Indian,13,2.61
23,Agastya More,tsingh@example.net,07056395698,"Mani Chowk, Tambaram, Chennai, Tamil Nadu, India - 632761",27-11-2020,0,North Indian,97,2.53
24,Chasmum Sodhi,joshuataneja@example.net,+919247972162,"Borah Nagar, Kodambakkam, Chennai, Tamil Nadu, India - 028790",26-09-2022,1,South Indian,88,0.78
25,Jagat Vora,egera@example.com,00962115653,"Patla Chowk, Velachery, Chennai, Tamil Nadu, India - 367782",16-02-2022,1,Italian,1,2.01
26,Tarak Rout,bbala@example.org,1511336226,"Dyal Circle, Guindy, Chennai, Tamil Nadu, India - 685815",26-05-2020,1,Continental,4,3.52
27,Amrita Om,sai34@example.net,9568296350,"Dhillon Nagar, T. Nagar, Chennai, Tamil Nadu, India - 955571",26-08-2022,0,Continental,52,4.39
28,Charan De,idalia@example.com,6429083298,"Das Marg, Adyar, Chennai, Tamil Nadu, India - 036066",12-12-2020,1,Chinese,24,3.44
29,Ishwar Desai,dugarmadhavi@example.com,+915909621366,"Grewal Chowk, Anna Nagar, Chennai, Tamil Nadu, India - 957206",14-01-2022,1,Italian,35,0.79
30,Vedika Rai,pandeyucchal@example.org,+911027045237,"Mand Nagar, Velachery, Chennai, Tamil Nadu, India - 164652",08-06-2022,1,North Indian,85,4.89
31,Bhanumati Barad,uchoudhry@example.net,08843725620,"Balay Circle, T. Nagar, Chennai, Tamil Nadu, India - 245262",24-12-2024,0,South Indian,41,1.26
32,Ekapad Madan,yuvraj19@example.net,+911699887225,"Kamdar Zila, Anna Nagar, Chennai, Tamil Nadu, India - 219172",04-01-2020,0,Chinese,14,4.1
33,Aarav Agarwal,vidhi99@example.net,00101275970,"Manne Zila, Velachery, Chennai, Tamil Nadu, India - 971533",01-10-2020,0,South Indian,19,4.47
34,Zayyan Madan,upadhriti35@example.net,01187700494,"Bassi Road, Kilpauk, Chennai, Tamil Nadu, India - 337642",14-10-2024,1,South Indian,72,3.01
35,Omaja Sahota,rcherian@example.org,+910616609579,"Mahajan Road, Adyar, Chennai, Tamil Nadu, India - 404695",16-12-2023,0,South Indian,44,0.78
36,Ekaja Bobal,mohini41@example.org,+916968406151,"Parekh Ganj, T. Nagar, Chennai, Tamil Nadu, India - 808981",15-04-2024,1,Chinese,7,2.13
37,Aditya Dass,eesha77@example.net,06125786487,"Nair Zila, Nungambakkam, Chennai, Tamil Nadu, India - 399048",13-10-2023,1,Chinese,95,2.82
38,Gopal Mand,gthaman@example.net,05383333318,"Rattan Zila, Tambaram, Chennai, Tamil Nadu, India - 839763",03-07-2024,1,Continental,18,1.02
39,Dhruv Kala,rohankuruvilla@example.net,1765622831,"Sachdeva Ganj, Nungambakkam, Chennai, Tamil Nadu, India - 296461",12-01-2024,0,South Indian,36,2.64
40,Upkaar Lalla,ladlaban@example.org,+917692613544,"Bansal Chowk, Perungudi, Chennai, Tamil Nadu, India - 559306",10-10-2024,0,North Indian,86,1.76
41,Jeevika Garde,xpillay@example.com,4641757459,"Thakur Zila, T. Nagar, Chennai, Tamil Nadu, India - 242536",11-08-2022,0,North Indian,8,0.22
42,Zansi Walia,daksheshsawhney@example.net,+910612122733,"Deo Nagar, Chrompet, Chennai, Tamil Nadu, India - 658754",05-07-2021,1,North Indian,26,2.93
43,Falan Kuruvilla,chardhriti@example.com,3174967452,"Narang Circle, Adyar, Chennai, Tamil Nadu, India - 960791",06-05-2025,1,Continental,82,1.37
44,Eesha Chandra,binamall@example.com,04198156574,"Bala Zila, T. Nagar, Chennai, Tamil Nadu, India - 404877",08-12-2021,1,Chinese,99,2.55
45,Jeevika Sama,timothydatta@example.org,+916982689849,"Edwin Marg, Anna Nagar, Chennai, Tamil Nadu, India - 428728",20-08-2023,0,Chinese,38,4.73
46,Sai Bumb,veer52@example.net,+916211460992,"Lata Circle, Guindy, Chennai, Tamil Nadu, India - 956400",19-04-2022,1,Chinese,66,1.85
47,Ishwar Chahal,jyotibiswas@example.org,5853075368,"Khalsa Road, Mylapore, Chennai, Tamil Nadu, India - 964477",19-02-2021,1,North Indian,78,0.2
48,Advaith Devan,twable@example.com,+918740726658,"Kothari, Guindy, Chennai, Tamil Nadu, India - 644494",17-12-2020,1,Chinese,93,4.14
49,Kala Kaur,triya33@example.com,04355608199,"Mahal, Nungambakkam, Chennai, Tamil Nadu, India - 006124",16-08-2022,1,South Indian,41,2.03
50,Abhiram Dubey,watika26@example.net,+918575530239,"Sheth Circle, Chrompet, Chennai, Tamil Nadu, India - 115597",17-10-2021,0,Chinese,50,3.63
51,Ridhi Gera,auroraxalak@example.net,0519750401,"Sidhu Nagar, Tambaram, Chennai, Tamil Nadu, India - 097165",30-11-2022,0,Chinese,97,4.04
52,Rushil Gulati,jeet17@example.org,00974849614,"Rajan Street, Anna Nagar, Chennai, Tamil Nadu, India - 192462",05-08-2020,1,Continental,32,0.49
53,Viraj Kannan,jeremiah14@example.com,4942636623,"Bawa Path, Perungudi, Chennai, Tamil Nadu, India - 614694",14-07-2024,1,Continental,93,3.88
54,Gaurav Prasad,yatin42@example.org,02591961001,"Ram, Kilpauk, Chennai, Tamil Nadu, India - 073803",23-07-2021,0,South Indian,5,0.89
55,Darsh Seth,sviswanathan@example.net,05177159459,"Rau Zila, Kodambakkam, Chennai, Tamil Nadu, India - 407560",14-02-2022,1,Continental,86,4.78
56,Urvashi Mittal,grewalsaanvi@example.org,05156236196,"Jha Road, Perungudi, Chennai, Tamil Nadu, India - 684760",07-12-2020,1,Chinese,100,1.81
57,Isaiah Shetty,triya41@example.net,08744657955,"Rattan Road, Chrompet, Chennai, Tamil Nadu, India - 183816",23-01-2023,0,South Indian,54,1.81
58,Daksh Vala,janyasarraf@example.com,+912453511084,"Sinha Circle, Tambaram, Chennai, Tamil Nadu, India - 586021",28-09-2024,0,South Indian,85,4.53
59,Idika Hegde,kalarachit@example.net,+914314981233,"Shetty Path, Guindy, Chennai, Tamil Nadu, India - 758662",31-01-2023,1,Chinese,28,3.62
60,Wahab Chawla,ridhi85@example.com,2447313895,"Saini, Anna Nagar, Chennai, Tamil Nadu, India - 238966",26-02-2022,0,Chinese,28,3.8
61,Jeevika Sharma,neel44@example.org,+912548114637,"Prakash Marg, Kilpauk, Chennai, Tamil Nadu, India - 686635",16-04-2025,0,Chinese,68,2.26
62,Pratyush Mutti,echopra@example.com,05742860078,"Chauhan Ganj, Anna Nagar, Chennai, Tamil Nadu, India - 777775",29-01-2025,1,Italian,50,2.73
63,Naveen Agate,basusanya@example.org,06865503054,"Thaman, Kodambakkam, Chennai, Tamil Nadu, India - 365722",28-04-2025,1,South Indian,88,4.87
64,Waida Sen,karankashvi@example.org,9967091884,"Kala, Kodambakkam, Chennai, Tamil Nadu, India - 785230",05-06-2024,0,North Indian,14,0.39
65,Damyanti Chowdhury,fdoshi@example.net,9950723762,"Saini Circle, Guindy, Chennai, Tamil Nadu, India - 800393",29-04-2025,1,Continental,89,2.96
66,Zaitra Mukhopadhyay,msaran@example.com,2138060773,"Mahal Road, T. Nagar, Chennai, Tamil Nadu, India - 773261",23-08-2020,1,Continental,5,0.2
67,Ikbal Char,wazirpalla@example.net,06297886665,"Venkataraman Road, Adyar, Chennai, Tamil Nadu, India - 396121",17-11-2020,1,Chinese,1,2.67
68,Abdul Balan,bthakkar@example.net,06122471722,"Sinha Nagar, Kilpauk, Chennai, Tamil Nadu, India - 766472",26-06-2022,1,Italian,43,1.58
69,Isha Balay,aachal61@example.net,+915163108715,"Prabhu Chowk, Velachery, Chennai, Tamil Nadu, India - 067325",10-09-2021,0,Italian,59,2.17
70,Aarna Mani,lohitchaudhary@example.com,01228588295,"Loke Marg, T. Nagar, Chennai, Tamil Nadu, India - 264453",05-09-2023,0,North Indian,41,2.51
71,Ishwar Seshadri,fdube@example.org,+918054366456,"Venkatesh Chowk, Kilpauk, Chennai, Tamil Nadu, India - 090223",21-02-2020,1,Italian,75,4.14
72,Finn Pillay,libnisehgal@example.org,+911794590002,"Devi Path, Kilpauk, Chennai, Tamil Nadu, India - 662601",07-07-2021,0,Continental,12,0.78
73,Falguni Bali,sbhandari@example.org,+919099097076,"Chandran Ganj, Perungudi, Chennai, Tamil Nadu, India - 777470",09-08-2024,0,Continental,41,4.49
74,Sudiksha Sangha,ttoor@example.com,1058732527,"Johal, Kilpauk, Chennai, Tamil Nadu, India - 650512",06-09-2022,1,Chinese,64,1.19
75,William Setty,chaitalyiyer@example.com,+918590575489,"Keer Marg, Adyar, Chennai, Tamil Nadu, India - 835593",06-03-2021,1,Chinese,27,1.94
76,Timothy Iyengar,zsachar@example.org,08103487356,"Ray Path, Mylapore, Chennai, Tamil Nadu, India - 525106",18-10-2024,1,South Indian,16,0.85
77,Bachittar Nayar,kalewahab@example.com,04588295941,"Rama, Perungudi, Chennai, Tamil Nadu, India - 083500",02-04-2023,1,Continental,41,0.19
78,Tanmayi Zacharia,hemanisharma@example.com,1472198650,"Bandi Road, Tambaram, Chennai, Tamil Nadu, India - 241193",25-10-2024,0,Continental,62,3.78
79,Aayush Bhalla,auroraamol@example.net,02555233077,"Jaggi Street, Perungudi, Chennai, Tamil Nadu, India - 796381",24-09-2024,1,Continental,27,4.37
80,Om Apte,balazayyan@example.com,6908762062,"Purohit Path, Kodambakkam, Chennai, Tamil Nadu, India - 505820",22-08-2020,0,Italian,47,4.96
81,Ishita Sami,lohit90@example.net,6332006697,"Batra Ganj, Kodambakkam, Chennai, Tamil Nadu, India - 688072",21-09-2023,0,Chinese,19,0.6
82,Xiti Chaudhuri,abhiram43@example.com,+915943399789,"Das Marg, Perungudi, Chennai, Tamil Nadu, India - 560105",13-06-2023,0,North Indian,81,4.41
83,Meghana Wali,cheriankaran@example.org,09870512804,"Choudhry Circle, Nungambakkam, Chennai, Tamil Nadu, India - 172105",15-08-2021,0,North Indian,81,1.57
84,Ayaan Goda,singhalgaurav@example.org,7032513840,"Bhargava Nagar, Kilpauk, Chennai, Tamil Nadu, India - 012602",26-03-2022,0,South Indian,69,0.73
85,Upkaar Sheth,nandaabhimanyu@example.net,07761116815,"Lanka Zila, Chrompet, Chennai, Tamil Nadu, India - 586695",07-01-2023,1,Continental,26,4.59
86,Varenya Sankar,tripti14@example.org,03301031630,"Chacko Street, Tambaram, Chennai, Tamil Nadu, India - 608792",05-12-2023,1,Chinese,35,4.33
87,Elijah Mukhopadhyay,yashicamanne@example.org,02371993469,"Rau, Perungudi, Chennai, Tamil Nadu, India - 940207",30-11-2022,1,Italian,37,1.02
88,Omisha Srinivasan,oscardhar@example.com,06456188871,"Sodhi Path, Mylapore, Chennai, Tamil Nadu, India - 487409",08-08-2023,1,Continental,68,2.02
89,Ryan Peri,schander@example.com,00293939776,"Bhavsar, Anna Nagar, Chennai, Tamil Nadu, India - 959787",03-05-2024,0,North Indian,31,1.81
90,Aryan Sehgal,ria76@example.com,07832016336,"Ratti Road, Kilpauk, Chennai, Tamil Nadu, India - 003207",16-01-2021,0,North Indian,83,0.5
91,Baghyawati Vohra,rakshadada@example.com,05186817487,"Dhar Street, Nungambakkam, Chennai, Tamil Nadu, India - 201080",21-09-2024,1,North Indian,4,2.1
92,Anjali Dara,ladvarsha@example.org,+918595892613,"Sastry Marg, Anna Nagar, Chennai, Tamil Nadu, India - 492934",04-02-2023,0,South Indian,19,2.79
93,Widisha Vohra,mahaldayamai@example.org,+917201210746,"Kaur Nagar, Adyar, Chennai, Tamil Nadu, India - 483214",04-01-2025,0,Continental,25,0.71
94,Nilima Patil,owable@example.net,4230671418,"Contractor Circle, Guindy, Chennai, Tamil Nadu, India - 674414",15-06-2021,1,South Indian,34,4.15
95,Geetika Khanna,veer82@example.org,08466839629,"Dua Street, Guindy, Chennai, Tamil Nadu, India - 633052",09-09-2021,1,North Indian,1,2.37
96,Garima Tella,nicholasoommen@example.net,+914133543929,"Cherian Street, Mylapore, Chennai, Tamil Nadu, India - 917826",25-10-2022,1,Chinese,3,1.86
97,Ishaan Chaudry,rameshrajata@example.org,03692812633,"Mutti Zila, Chrompet, Chennai, Tamil Nadu, India - 023511",21-12-2021,1,South Indian,1,2.05
98,Eshana Chander,opandit@example.com,8802580687,"Batra Nagar, Kodambakkam, Chennai, Tamil Nadu, India - 868618",15-06-2023,1,South Indian,39,3.52
99,Dalbir Magar,wasonazad@example.org,05403966399,"Varkey Street, Perungudi, Chennai, Tamil Nadu, India - 677012",03-11-2020,1,South Indian,57,0.66
100,Nakul Agarwal,uvenkataraman@example.com,06430955946,"Dhawan Marg, Kodambakkam, Chennai, Tamil Nadu, India - 552274",03-04-2023,0,Continental,80,2.35
101,Atharv Varughese,bhattacharyyaanusha@example.org,1914498431,"Pandit Chowk, T. Nagar, Chennai, Tamil Nadu, India - 989681",25-05-2020,0,Chinese,25,2.3
102,Yash Varkey,ranbirmajumdar@example.org,4098051093,"Sant Ganj, Mylapore, Chennai, Tamil Nadu, India - 458905",13-08-2021,1,South Indian,47,4.92
103,Viraj Sampath,isama@example.net,01680550155,"Parsa Zila, Guindy, Chennai, Tamil Nadu, India - 450243",21-02-2022,1,Continental,86,3.92
104,Qadim Vasa,panchallavanya@example.com,04786310473,"Sur Zila, Nungambakkam, Chennai, Tamil Nadu, India - 881009",29-01-2022,0,Italian,29,4.69
105,Reyansh Oommen,bhagatshaurya@example.net,09838596781,"Narayan Marg, Nungambakkam, Chennai, Tamil Nadu, India - 393682",21-01-2023,1,North Indian,31,4.3
106,Tripti Gara,zcontractor@example.com,5567685851,"Garg Chowk, Nungambakkam, Chennai, Tamil Nadu, India - 483015",03-05-2021,1,South Indian,62,1.81
107,Ekiya Devan,magaranamika@example.org,07213113583,"Verma Marg, Kilpauk, Chennai, Tamil Nadu, India - 325741",06-02-2024,0,South Indian,35,2.58
108,Ojas Kannan,hbava@example.com,01926798789,"Bora Zila, Kodambakkam, Chennai, Tamil Nadu, India - 149704",25-08-2021,1,Italian,73,2.1
109,Advik Sridhar,devangarima@example.net,7164577965,"Kumer Chowk, Guindy, Chennai, Tamil Nadu, India - 229829",05-01-2024,1,South Indian,23,2.31
110,Christopher Morar,jnarasimhan@example.net,5160973780,"Bhasin Marg, Kodambakkam, Chennai, Tamil Nadu, India - 047648",04-11-2021,0,Chinese,89,0.73
111,Ekaraj Krish,xsampath@example.com,+918308730768,"Kamdar Path, Mylapore, Chennai, Tamil Nadu, India - 141145",11-07-2025,0,Continental,3,1.3
112,Yashawini Mall,ayushmanprabhu@example.org,8175943774,"Raja Road, Adyar, Chennai, Tamil Nadu, India - 949350",19-09-2021,1,Continental,47,1.72
113,Nisha Ganguly,hbora@example.org,6768268113,"Singh Road, Chrompet, Chennai, Tamil Nadu, India - 033213",07-04-2023,1,South Indian,0,4.67
114,Hredhaan Vyas,kashyapsara@example.com,04471732565,"Chaudhry Chowk, Kilpauk, Chennai, Tamil Nadu, India - 619940",26-01-2023,0,Continental,11,0.21
115,Eesha Thaman,ypatel@example.org,+910187173261,"Sharma Chowk, T. Nagar, Chennai, Tamil Nadu, India - 685557",17-01-2020,0,South Indian,99,1.63
116,Chandresh Samra,deviyochana@example.org,2723055042,"Thakur Chowk, Velachery, Chennai, Tamil Nadu, India - 933759",26-04-2020,1,Continental,18,2.41
117,Yasti Barman,wgala@example.net,+917152871496,"Salvi Nagar, Guindy, Chennai, Tamil Nadu, India - 486306",25-04-2025,1,South Indian,25,4.43
118,Xavier Natt,xganguly@example.org,+917436086082,"Kapadia, Nungambakkam, Chennai, Tamil Nadu, India - 115941",30-08-2023,1,Chinese,44,2.55
119,Ethan D’Alia,amangal@example.com,+917404251726,"Datta Path, T. Nagar, Chennai, Tamil Nadu, India - 719576",06-05-2022,1,North Indian,71,0.55
120,Ati Vohra,januja82@example.net,+912782384972,"Chad Street, Chrompet, Chennai, Tamil Nadu, India - 342183",18-06-2024,0,Italian,23,4.96
121,Atharv Upadhyay,jshetty@example.org,+913344740564,"Chada Marg, T. Nagar, Chennai, Tamil Nadu, India - 196037",27-04-2021,0,Continental,33,0.45
122,Damini Mann,ebassi@example.com,+917155486646,"Kalla Ganj, Perungudi, Chennai, Tamil Nadu, India - 881245",27-01-2025,0,Italian,81,1.49
123,Isaiah Lad,praj@example.org,0697640810,"Mistry Circle, Perungudi, Chennai, Tamil Nadu, India - 801435",12-07-2020,1,North Indian,14,2.51
124,Anirudh Mand,shivansh46@example.com,+914689168937,"Cheema Path, Nungambakkam, Chennai, Tamil Nadu, India - 974862",21-12-2021,0,North Indian,78,3.09
125,Anthony Borah,gyadav@example.org,+914160412765,"Dutta Street, Velachery, Chennai, Tamil Nadu, India - 238893",06-08-2022,1,South Indian,100,2.24
126,Oviya Madan,edhingra@example.org,+916773880895,"Muni Marg, Nungambakkam, Chennai, Tamil Nadu, India - 471522",22-04-2025,0,Chinese,50,0.65
127,Victor Mitra,majumdargautam@example.com,08465664092,"Kala Ganj, Perungudi, Chennai, Tamil Nadu, India - 856245",04-02-2025,0,South Indian,78,2.29
128,Orinder Chakrabarti,patrickrattan@example.net,0305185870,"Grover Street, Adyar, Chennai, Tamil Nadu, India - 157693",08-02-2021,1,Italian,2,1.39
129,Bhavika Bobal,krish37@example.net,+917948257285,"Chaudry Circle, Tambaram, Chennai, Tamil Nadu, India - 893231",16-08-2023,0,Chinese,55,2.6
130,Parth Kurian,jatinkaur@example.net,+916853234541,"Andra Path, Adyar, Chennai, Tamil Nadu, India - 791786",06-04-2025,1,North Indian,10,3.45
131,Henry Kala,tchokshi@example.net,2595404914,"Bhatnagar Zila, Guindy, Chennai, Tamil Nadu, India - 515236",28-05-2025,1,Chinese,78,2.13
132,Krish Bhandari,ayushmangoda@example.org,07763031778,"Warrior Nagar, Mylapore, Chennai, Tamil Nadu, India - 996910",18-12-2024,0,Continental,17,0.1
133,Lohit Pradhan,dasyagnesh@example.net,09235504606,"Sankaran Zila, Tambaram, Chennai, Tamil Nadu, India - 799179",03-06-2024,1,North Indian,19,4.01
134,Aarush Toor,nitaravig@example.org,07317223770,"Bava Circle, Anna Nagar, Chennai, Tamil Nadu, India - 472707",10-05-2023,1,Italian,50,0.9
135,Jagrati Thakur,chaudharigeetika@example.com,+914342309273,"Gokhale Zila, Perungudi, Chennai, Tamil Nadu, India - 440234",06-08-2023,1,North Indian,72,4.72
136,Ekani Pillai,robert07@example.org,5571902054,"Kanda Street, T. Nagar, Chennai, Tamil Nadu, India - 369495",15-12-2020,1,Italian,20,0.26
137,Chaaya Bhatti,agastyachandra@example.com,+916211068190,"Sen Path, Chrompet, Chennai, Tamil Nadu, India - 049362",06-07-2025,0,South Indian,27,1.23
138,Jackson Goel,vgulati@example.com,09846642244,"Narayan Chowk, Chrompet, Chennai, Tamil Nadu, India - 528857",20-03-2023,1,Continental,61,3.23
139,Samaksh Murty,jradhakrishnan@example.com,5765534749,"Deshpande Path, Kodambakkam, Chennai, Tamil Nadu, India - 379417",22-10-2023,0,South Indian,97,2.82
140,Mahika Raj,elijah39@example.net,7160761894,"Panchal Ganj, Mylapore, Chennai, Tamil Nadu, India - 358656",01-12-2024,0,Chinese,27,3.21
141,Girik Iyer,pratyushmane@example.org,8992726023,"Nagar Zila, Nungambakkam, Chennai, Tamil Nadu, India - 999695",16-07-2023,1,South Indian,6,2.42
142,Gunbir Vaidya,periryan@example.com,2484660136,"Oommen, Velachery, Chennai, Tamil Nadu, India - 672070",29-06-2023,0,Italian,46,3.51
143,Chanchal Patla,lipikachaudhuri@example.org,4609480620,"Ramanathan Chowk, Velachery, Chennai, Tamil Nadu, India - 075771",27-06-2025,0,Continental,30,0.83
144,Mekhala Mohan,faraj94@example.org,04111297853,"Dar Chowk, T. Nagar, Chennai, Tamil Nadu, India - 174275",14-10-2024,1,North Indian,75,2.52
145,Samesh Shanker,choudharyadvay@example.org,03846506042,"Parmar Road, Chrompet, Chennai, Tamil Nadu, India - 921419",22-08-2022,1,South Indian,38,1.2
146,Xiti Lanka,hmodi@example.org,4882517177,"Mann Street, Kodambakkam, Chennai, Tamil Nadu, India - 155171",17-03-2020,0,South Indian,89,2.72
147,Nandini Thaman,mananarya@example.net,05786708718,"Dass Nagar, Tambaram, Chennai, Tamil Nadu, India - 197774",18-11-2021,1,North Indian,82,0.53
148,Pallavi Deep,ode@example.net,6178191579,"Kapur Circle, Anna Nagar, Chennai, Tamil Nadu, India - 028742",11-03-2020,1,Italian,57,0.01
149,Faraj Gole,zansidatta@example.net,04187147922,"Bhandari Road, Velachery, Chennai, Tamil Nadu, India - 127985",17-07-2020,0,North Indian,59,0.82
150,Jack Bhalla,madanrayaan@example.com,9299823538,"Dhar Path, Anna Nagar, Chennai, Tamil Nadu, India - 716707",08-02-2025,0,South Indian,30,2.31
151,Baghyawati Hayre,baljiwan24@example.com,+919995751036,"Bobal, Adyar, Chennai, Tamil Nadu, India - 924715",14-03-2022,0,Continental,80,1.05
152,Priya Chopra,jaimorar@example.net,9669608879,"Kara Circle, Kilpauk, Chennai, Tamil Nadu, India - 315084",24-05-2020,0,North Indian,18,0.69
153,Lavanya Narula,sawhneyfalan@example.net,8649479264,"Naidu Street, Perungudi, Chennai, Tamil Nadu, India - 697344",01-07-2021,0,South Indian,68,2.97
154,Nidra Sane,gabrielmittal@example.com,6099529738,"Bhandari Marg, Kilpauk, Chennai, Tamil Nadu, India - 864187",01-06-2023,0,South Indian,72,2.4
155,Indrajit Setty,isha37@example.org,+911133598197,"Nori Marg, Nungambakkam, Chennai, Tamil Nadu, India - 653420",09-01-2020,1,South Indian,54,3.58
156,Manbir Bail,diptakala@example.org,4272279318,"Mitra Path, T. Nagar, Chennai, Tamil Nadu, India - 151497",30-01-2020,1,Italian,8,1.58
157,Naveen Bobal,veer58@example.net,06110104842,"Viswanathan Ganj, Anna Nagar, Chennai, Tamil Nadu, India - 526734",06-05-2024,1,North Indian,3,2.37
158,Ojasvi Bandi,yutikasandal@example.com,4748561176,"Vyas Road, Velachery, Chennai, Tamil Nadu, India - 744630",01-11-2024,1,Italian,17,4.46
159,Neel Chakrabarti,arinmemon@example.com,3955794342,"Sarma Circle, Perungudi, Chennai, Tamil Nadu, India - 012917",09-04-2024,1,North Indian,66,3.91
160,Watika Narain,upma52@example.net,4732332183,"Babu Ganj, Tambaram, Chennai, Tamil Nadu, India - 171791",22-06-2024,0,Italian,75,3.98
161,Vedika Thakkar,aayushshan@example.net,+917484879907,"Konda Street, Guindy, Chennai, Tamil Nadu, India - 630252",04-02-2020,1,South Indian,28,1.58
162,Januja Palla,balasubramaniannaveen@example.com,06002797708,"Bhandari Nagar, Adyar, Chennai, Tamil Nadu, India - 850281",07-11-2024,0,Italian,53,4.97
163,Chaaya Magar,mitterchandani@example.net,6157010229,"Dada Ganj, Chrompet, Chennai, Tamil Nadu, India - 410924",31-10-2024,1,North Indian,11,1.25
164,Anusha Varughese,jatinsura@example.com,7025096786,"Bora Street, Guindy, Chennai, Tamil Nadu, India - 071373",16-12-2022,0,South Indian,20,4.1
165,Zashil Tara,gandhiakshay@example.com,0194436485,"Choudhry Road, Perungudi, Chennai, Tamil Nadu, India - 699983",13-06-2021,1,Chinese,21,4.64
166,Mohini Venkataraman,warhimittal@example.net,+917295315901,"Thaker Street, Adyar, Chennai, Tamil Nadu, India - 278382",25-12-2022,0,Continental,97,1.74
167,Samarth Sandal,dalbir62@example.net,+912954737450,"Prabhakar Chowk, Guindy, Chennai, Tamil Nadu, India - 645347",06-05-2020,0,Italian,55,0.02
168,Daksha Sood,dugalpooja@example.com,8940793519,"Ben Ganj, Anna Nagar, Chennai, Tamil Nadu, India - 216322",05-09-2021,1,North Indian,74,2.76
169,Thomas Batta,hmahajan@example.net,+910645303429,"Barad Path, Chrompet, Chennai, Tamil Nadu, India - 602997",23-04-2020,1,South Indian,47,3.31
170,Vanya Goda,sachimani@example.org,4751435346,"Datta Circle, Chrompet, Chennai, Tamil Nadu, India - 489256",07-08-2023,0,Continental,22,0.61
171,Aryan Palla,masterowen@example.org,09623105297,"Palla Nagar, Kodambakkam, Chennai, Tamil Nadu, India - 624438",21-06-2024,0,North Indian,94,4.59
172,Ganga Uppal,contractoraradhana@example.org,09282447923,"Mukhopadhyay Circle, Tambaram, Chennai, Tamil Nadu, India - 254231",14-04-2022,1,North Indian,50,4.39
173,Advay Minhas,somanmaya@example.com,+918712900328,"Hayer Path, Nungambakkam, Chennai, Tamil Nadu, India - 496730",14-05-2022,0,Continental,75,2.86
174,Yadavi Balakrishnan,diyengar@example.com,3745042860,"Borde Street, Kilpauk, Chennai, Tamil Nadu, India - 291559",17-05-2024,0,North Indian,21,1.55
175,Zinal Khosla,nayakdayita@example.com,05989285994,"Kapoor Zila, Kodambakkam, Chennai, Tamil Nadu, India - 075978",23-03-2023,0,Italian,97,4.6
176,Tanish Iyengar,wazirchahal@example.net,05212568113,"Devan Path, Mylapore, Chennai, Tamil Nadu, India - 348998",06-04-2021,0,South Indian,50,1.67
177,Jackson Saini,indrajitsibal@example.net,+917766079269,"Balay Street, Chrompet, Chennai, Tamil Nadu, India - 143257",05-01-2025,1,South Indian,15,2.05
178,Avi Sangha,ndevi@example.net,+913137155673,"Krish Marg, Perungudi, Chennai, Tamil Nadu, India - 096990",23-03-2024,0,Chinese,39,4.76
179,Elijah Guha,yashoda67@example.com,+917529238126,"Kulkarni Road, Mylapore, Chennai, Tamil Nadu, India - 717707",19-07-2022,1,South Indian,74,0.13
180,Gaurika Minhas,yauvani42@example.com,+919952712112,"Swamy Ganj, Adyar, Chennai, Tamil Nadu, India - 979232",01-04-2023,1,Italian,98,2.69
181,Saksham Karnik,edhillon@example.com,+916695245919,"Bahl Circle, Anna Nagar, Chennai, Tamil Nadu, India - 649210",23-09-2021,1,South Indian,16,3.44
182,Ethan Chand,raaginiverma@example.org,4088847458,"Walia Nagar, Anna Nagar, Chennai, Tamil Nadu, India - 184115",28-01-2025,0,Continental,8,1.86
183,Jonathan Reddy,arjun12@example.com,5198067830,"Dyal Chowk, Velachery, Chennai, Tamil Nadu, India - 480616",12-09-2021,1,Italian,60,2.2
184,Neelima Naik,xpuri@example.net,+917354357329,"Gaba Road, Velachery, Chennai, Tamil Nadu, India - 844316",12-10-2024,0,North Indian,77,0.77
185,Pranav Saran,ymalhotra@example.com,06015694866,"Morar Marg, Perungudi, Chennai, Tamil Nadu, India - 654796",20-03-2022,1,Continental,16,0.48
186,Dhriti Bala,bhallawahab@example.com,07930710933,"Chaudhary Street, Kilpauk, Chennai, Tamil Nadu, India - 688910",06-09-2020,1,Chinese,15,2.21
187,Lohit Prashad,deshpandejairaj@example.org,04465123552,"Bir Circle, Perungudi, Chennai, Tamil Nadu, India - 658077",14-05-2023,0,Continental,74,1.3
188,Elijah Shukla,christopher01@example.com,08718340403,"Contractor Path, T. Nagar, Chennai, Tamil Nadu, India - 941789",13-12-2024,0,Chinese,37,0.03
189,Logan Randhawa,patlawazir@example.com,8570496632,"Vora Circle, Guindy, Chennai, Tamil Nadu, India - 214967",28-04-2020,0,South Indian,11,1.74
190,Ubika Mahal,prisha27@example.org,+915296836655,"Saha Marg, Chrompet, Chennai, Tamil Nadu, India - 649369",12-04-2021,1,Continental,22,4.71
191,Champak Badal,dubeyug@example.com,3810667024,"Karan Ganj, Mylapore, Chennai, Tamil Nadu, India - 966470",26-11-2022,1,North Indian,39,3.71
192,Robert Lad,yashica96@example.com,+910067751285,"Sengupta, T. Nagar, Chennai, Tamil Nadu, India - 269890",12-12-2020,0,Italian,13,1.73
193,Divya Raval,kashishchaudhuri@example.org,+916667047113,"Nair, Anna Nagar, Chennai, Tamil Nadu, India - 590731",14-05-2023,0,South Indian,79,3.25
194,Azaan Vohra,bhallacaleb@example.org,05218189965,"Seth Road, Nungambakkam, Chennai, Tamil Nadu, India - 353195",16-10-2020,0,Italian,54,3.52
195,Waida Jhaveri,ladli85@example.net,05151812613,"Som Nagar, T. Nagar, Chennai, Tamil Nadu, India - 584446",20-10-2021,0,North Indian,97,1.51
196,Girindra Khanna,tmemon@example.net,+917472388725,"Bhatnagar Street, Nungambakkam, Chennai, Tamil Nadu, India - 897461",11-03-2022,1,Chinese,8,2.13
197,Gaurika Wali,meghabal@example.net,+918805801617,"Mukhopadhyay, Nungambakkam, Chennai, Tamil Nadu, India - 631206",19-10-2022,1,South Indian,5,2.86
198,Wyatt Thakur,anmol73@example.org,01874251823,"Chacko, Velachery, Chennai, Tamil Nadu, India - 843063",23-07-2020,0,Chinese,83,2.67
199,Bhavika Shah,anthonymutti@example.net,+912982661718,"Gupta Path, T. Nagar, Chennai, Tamil Nadu, India - 407446",21-09-2021,0,Continental,87,3.57
200,Pranav Reddy,routekanta@example.com,05343651067,"Nagi Road, Chrompet, Chennai, Tamil Nadu, India - 131019",09-04-2020,1,South Indian,75,1.32
201,Noah Bhatt,bshetty@example.org,03702536587,"Narang Circle, Kodambakkam, Chennai, Tamil Nadu, India - 006837",23-09-2020,1,Chinese,95,2.08
202,Veer Kaul,kapadiaamaira@example.com,6218377167,"Balakrishnan Ganj, Nungambakkam, Chennai, Tamil Nadu, India - 223135",19-05-2022,1,Italian,52,0.05
203,Ishanvi Dhar,mugdhasathe@example.net,01818755057,"Gopal Ganj, Guindy, Chennai, Tamil Nadu, India - 225062",05-05-2021,1,Italian,63,2
204,Yagnesh Contractor,edhithabadal@example.com,+918325613408,"Chaudhry Road, Adyar, Chennai, Tamil Nadu, India - 937019",27-10-2022,0,Continental,50,1.97
205,Hemang Sarin,lakshmichoudhary@example.net,02596755124,"Sridhar, Kodambakkam, Chennai, Tamil Nadu, India - 335296",09-07-2022,0,Italian,4,3.23
206,Rushil Loyal,dalbir24@example.org,+911502199058,"Mammen Chowk, T. Nagar, Chennai, Tamil Nadu, India - 248392",22-03-2025,1,Continental,0,1.9
207,Chatura Sandal,daniel86@example.com,+915617237705,"Tiwari Circle, Nungambakkam, Chennai, Tamil Nadu, India - 984595",26-03-2020,1,North Indian,83,2.42
208,Hemang Sarna,kalitavincent@example.net,+912244734617,"Sanghvi Chowk, Anna Nagar, Chennai, Tamil Nadu, India - 425615",19-12-2023,1,North Indian,88,3.41
209,Chatresh Balay,luke95@example.org,8581246173,"De Nagar, Nungambakkam, Chennai, Tamil Nadu, India - 882245",18-09-2023,1,Italian,83,4.68
210,Unni Bhakta,omishaissac@example.net,09727883554,"Reddy Zila, T. Nagar, Chennai, Tamil Nadu, India - 134891",09-03-2020,0,Continental,97,3.97
211,Vaishnavi Goda,raviomkaar@example.org,01006006746,"Chawla Road, Velachery, Chennai, Tamil Nadu, India - 631564",13-06-2025,1,Continental,14,3.91
212,Advika Natarajan,pranit71@example.net,3752258412,"Kuruvilla Street, Anna Nagar, Chennai, Tamil Nadu, India - 094719",22-04-2025,1,South Indian,3,3.45
213,Sai Kari,kharelopa@example.org,06344234069,"Rajagopal Chowk, Anna Nagar, Chennai, Tamil Nadu, India - 163060",08-05-2025,0,North Indian,90,1.09
214,Faras Kalla,bahadurjit94@example.net,3944102785,"Prashad, Mylapore, Chennai, Tamil Nadu, India - 618285",28-01-2021,1,North Indian,55,3.35
215,Sudiksha Sha,abdulmukherjee@example.net,02059250240,"Bora Ganj, Kilpauk, Chennai, Tamil Nadu, India - 692598",14-01-2024,1,South Indian,43,3.82
216,Ayaan Varkey,sanghvidipta@example.org,+910355155000,"Wali Zila, Mylapore, Chennai, Tamil Nadu, India - 504609",17-01-2020,1,Italian,76,4.17
217,Chatresh Ramanathan,bansalyatin@example.org,8598177619,"Babu Path, Kodambakkam, Chennai, Tamil Nadu, India - 780103",03-08-2021,0,Continental,77,2.66
218,Dhriti Ram,osachdev@example.net,+914939982485,"Borde Ganj, Mylapore, Chennai, Tamil Nadu, India - 705223",19-02-2020,0,Chinese,86,4.17
219,Nakul Shukla,ykale@example.net,+917251802034,"Kade Nagar, Kodambakkam, Chennai, Tamil Nadu, India - 800848",21-06-2022,0,Chinese,32,2.37
220,Fariq Chaudhari,karan97@example.net,06640580245,"Shukla Nagar, Perungudi, Chennai, Tamil Nadu, India - 863947",08-03-2025,1,Chinese,38,2.83
221,Mohini Sridhar,tamanna89@example.net,04487156630,"Nair Circle, Mylapore, Chennai, Tamil Nadu, India - 918374",07-08-2021,1,Continental,73,0.68
222,Daniel Majumdar,panini42@example.org,09545279739,"Pant Zila, Mylapore, Chennai, Tamil Nadu, India - 350254",04-11-2022,0,Continental,37,2
223,Ekavir Chada,pranav11@example.net,0150093447,"Dayal, Kodambakkam, Chennai, Tamil Nadu, India - 056736",19-08-2024,1,Continental,20,4.27
224,Teerth Taneja,cchauhan@example.org,05834101020,"Bajaj Road, Velachery, Chennai, Tamil Nadu, India - 044690",26-03-2024,1,South Indian,29,4.43
225,Jhalak Kapur,advaithdixit@example.net,05045497216,"Karnik Circle, Tambaram, Chennai, Tamil Nadu, India - 087793",08-08-2024,0,Chinese,28,4.56
226,Bhavika Wason,varsha54@example.net,5268029865,"Behl Circle, Velachery, Chennai, Tamil Nadu, India - 158035",21-06-2021,1,North Indian,63,4.23
227,Hitesh Pathak,garima03@example.com,9654212687,"Kashyap, Guindy, Chennai, Tamil Nadu, India - 550922",31-05-2022,0,Chinese,48,2.96
228,Anjali Palan,krishamall@example.com,06595095766,"Vyas Circle, Kilpauk, Chennai, Tamil Nadu, India - 601743",06-06-2020,0,South Indian,4,0.19
229,Vasudha Balay,sgour@example.org,08452262029,"Kale Road, Mylapore, Chennai, Tamil Nadu, India - 165563",30-01-2024,0,Chinese,48,4.53
230,Libni Saha,ggrewal@example.net,9569539585,"Iyer Street, Mylapore, Chennai, Tamil Nadu, India - 076965",09-08-2023,0,Chinese,14,4.46
231,Aayush Pau,mitraurvashi@example.com,05323222694,"Prabhakar Street, Guindy, Chennai, Tamil Nadu, India - 351873",10-04-2025,0,North Indian,3,1
232,Falan Chaudhry,asharaf@example.org,6838065451,"Dhingra Road, Kodambakkam, Chennai, Tamil Nadu, India - 335013",23-05-2025,0,Continental,88,3.18
233,Thomas Grover,onkarhora@example.net,00130375251,"Malhotra Path, Mylapore, Chennai, Tamil Nadu, India - 722926",15-07-2022,1,South Indian,2,2.87
234,Suhani Panchal,rajata58@example.com,03327296857,"Khalsa Ganj, Perungudi, Chennai, Tamil Nadu, India - 398693",13-11-2021,0,South Indian,37,1.59
235,Ekaja Chand,ghosefrado@example.com,8323576639,"Parmer Zila, Mylapore, Chennai, Tamil Nadu, India - 658315",26-08-2024,0,Continental,45,0.66
236,Ishanvi Gopal,sibalwarinder@example.net,01132732173,"Merchant Path, Velachery, Chennai, Tamil Nadu, India - 704534",25-12-2022,0,North Indian,6,3.69
237,Jason Raval,sridharbrijesh@example.net,+917324851601,"Kibe Road, Nungambakkam, Chennai, Tamil Nadu, India - 486218",17-11-2022,1,Chinese,77,1.82
238,Upkaar Soni,dramachandran@example.com,3957701492,"Prashad Path, Adyar, Chennai, Tamil Nadu, India - 151633",20-06-2024,1,Chinese,23,1.35
239,Omya Rajagopalan,urmi86@example.org,01407315970,"Dani Road, Mylapore, Chennai, Tamil Nadu, India - 552213",26-12-2023,1,North Indian,49,4.21
240,Saanvi Dhar,saneveda@example.net,+911698959278,"Jayaraman Chowk, Anna Nagar, Chennai, Tamil Nadu, India - 182283",25-11-2022,0,North Indian,52,0.67
241,Upasna Khare,arya67@example.com,+915074086224,"Kumar, Perungudi, Chennai, Tamil Nadu, India - 424908",12-12-2024,0,South Indian,8,1.74
242,Anusha Ramakrishnan,ekani21@example.com,06037623594,"Bhatt Circle, Anna Nagar, Chennai, Tamil Nadu, India - 712430",28-08-2020,0,Chinese,83,2.66
243,Unni Soni,peter56@example.com,04282661529,"Koshy Ganj, Adyar, Chennai, Tamil Nadu, India - 319225",07-08-2020,0,South Indian,33,2.55
244,Isaac Balasubramanian,yauvani67@example.com,5948446084,"Sinha Marg, Tambaram, Chennai, Tamil Nadu, India - 911869",27-07-2022,0,Chinese,71,3.06
245,Aashi Kadakia,pmenon@example.org,1494374967,"Shroff Path, Mylapore, Chennai, Tamil Nadu, India - 087767",24-04-2024,0,Continental,79,4.34
246,Mekhala Mand,sanghanandini@example.org,07763811139,"Bail Ganj, Guindy, Chennai, Tamil Nadu, India - 387826",30-07-2024,1,Chinese,41,0.72
247,Barkha Sethi,gcontractor@example.net,+918529478139,"Varkey Street, Kodambakkam, Chennai, Tamil Nadu, India - 047787",26-04-2022,1,Chinese,37,3.21
248,Ayush Mannan,faqidsunder@example.net,03600375955,"Ganesh Marg, Kodambakkam, Chennai, Tamil Nadu, India - 073714",26-06-2024,1,Chinese,27,4.68
249,Urishilla Soman,radhikabhakta@example.net,02040700596,"Chauhan Nagar, Kilpauk, Chennai, Tamil Nadu, India - 723293",31-05-2021,1,Continental,57,4.86
250,Qasim Cheema,vidhidua@example.net,06132784123,"Luthra Chowk, Guindy, Chennai, Tamil Nadu, India - 758241",24-08-2024,0,Chinese,64,2.33
251,Ojas Madan,vmunshi@example.net,+919779704075,"Gopal, T. Nagar, Chennai, Tamil Nadu, India - 178875",23-12-2023,1,South Indian,70,0.05
252,Owen Sodhi,georgeganesan@example.org,+910485289379,"Raja Ganj, Kodambakkam, Chennai, Tamil Nadu, India - 046510",11-08-2023,1,Continental,47,3.53
253,Eesha Dugar,munihemang@example.org,2332540223,"Ahluwalia Road, Velachery, Chennai, Tamil Nadu, India - 702120",01-12-2021,0,South Indian,77,1.41
254,Nikita Kanda,upasna52@example.org,+910240302417,"Sundaram Path, Perungudi, Chennai, Tamil Nadu, India - 963176",08-04-2025,0,South Indian,29,2.69
255,Zaid Gupta,chandrannihal@example.com,+916644909262,"Gandhi Nagar, Anna Nagar, Chennai, Tamil Nadu, India - 054955",13-01-2023,1,Chinese,71,2.21
256,Zinal Ahuja,anandnirja@example.com,08097828067,"Pandey Street, Nungambakkam, Chennai, Tamil Nadu, India - 235116",01-05-2021,1,North Indian,64,1.31
257,Anya Kar,duttaadvay@example.org,7780184778,"Tella Street, Nungambakkam, Chennai, Tamil Nadu, India - 834013",12-01-2023,0,Italian,49,2.04
258,Aayush Iyer,hsahota@example.org,+915739166174,"Pathak Road, Tambaram, Chennai, Tamil Nadu, India - 243814",15-11-2021,0,North Indian,5,3.97
259,Nisha Kumar,janya66@example.net,02029899411,"Chokshi Nagar, Kilpauk, Chennai, Tamil Nadu, India - 550613",03-09-2022,0,South Indian,24,3.76
260,Tanish De,nikita86@example.net,+919966026161,"Dave Path, T. Nagar, Chennai, Tamil Nadu, India - 652487",23-01-2023,1,Italian,50,0.59
261,Fitan Borra,jack19@example.net,+910537521005,"Shukla Zila, Kodambakkam, Chennai, Tamil Nadu, India - 621174",01-05-2024,1,South Indian,42,0.17
262,Suhani Choudhury,jagdishbalasubramanian@example.org,1503910617,"Salvi Nagar, Adyar, Chennai, Tamil Nadu, India - 619513",19-04-2024,0,Chinese,60,1.46
263,Harinakshi Kapoor,dwable@example.org,6677085562,"Wali Nagar, Velachery, Chennai, Tamil Nadu, India - 496651",24-08-2023,1,Chinese,33,2.16
264,Nitesh Soman,henrydeshpande@example.com,0950750089,"Banik Road, Nungambakkam, Chennai, Tamil Nadu, India - 002528",02-03-2025,1,South Indian,59,1.81
265,Wakeeta Issac,ekapad13@example.org,03113419027,"Warrior Circle, Nungambakkam, Chennai, Tamil Nadu, India - 822415",04-04-2023,1,Chinese,92,2.17
266,Ekaraj Suri,warjassunder@example.org,1933813151,"Kamdar Nagar, T. Nagar, Chennai, Tamil Nadu, India - 356178",25-11-2021,1,North Indian,31,2.36
267,Ayush Modi,bavajoshua@example.net,+915911279302,"Sengupta Circle, Chrompet, Chennai, Tamil Nadu, India - 712976",08-03-2020,1,Chinese,97,4.91
268,Kabir Chahal,usani@example.org,4345908100,"Dutta Path, Mylapore, Chennai, Tamil Nadu, India - 712840",24-01-2021,1,North Indian,93,0.16
269,Ayaan Ramesh,faqid84@example.net,00930062486,"Dhingra Zila, Chrompet, Chennai, Tamil Nadu, India - 364789",03-12-2022,0,South Indian,18,2.06
270,Hemani Dara,devika75@example.net,4387624365,"Babu Marg, Chrompet, Chennai, Tamil Nadu, India - 795275",16-09-2024,1,Italian,58,1.13
271,Yauvani Bora,doshijyoti@example.net,5091709092,"Tiwari Zila, T. Nagar, Chennai, Tamil Nadu, India - 400457",20-09-2022,0,South Indian,39,3.45
272,Bishakha Jayaraman,lajitasastry@example.org,+910320575349,"Padmanabhan Zila, Kilpauk, Chennai, Tamil Nadu, India - 629730",13-10-2024,1,Chinese,72,3.61
273,Aarna Saraf,wasonidika@example.org,+913863710674,"Gole Zila, Chrompet, Chennai, Tamil Nadu, India - 690445",10-08-2022,1,South Indian,87,2.79
274,Varsha Kale,vdevan@example.net,09883786665,"Rattan Ganj, Nungambakkam, Chennai, Tamil Nadu, India - 507116",21-04-2021,0,Chinese,42,1.58
275,Dayita Ratta,ikbaldutta@example.net,06927318883,"Singh, Nungambakkam, Chennai, Tamil Nadu, India - 469978",18-08-2022,1,Continental,57,0.71
276,Abdul Dua,bhavyabhargava@example.org,6392958943,"Datta Chowk, Adyar, Chennai, Tamil Nadu, India - 308426",14-10-2023,1,North Indian,70,1.01
277,Daniel Ben,kadelila@example.org,05365107917,"Kalla Ganj, Anna Nagar, Chennai, Tamil Nadu, India - 680552",29-11-2022,0,Chinese,28,4.54
278,Sai Nagarajan,aahanabhatia@example.com,+915674760976,"More Street, Anna Nagar, Chennai, Tamil Nadu, India - 053677",07-10-2021,1,North Indian,61,2.08
279,Theodore Karan,wkadakia@example.com,6005273495,"Uppal Path, Adyar, Chennai, Tamil Nadu, India - 673891",29-12-2024,1,Continental,52,0.67
280,Jackson Badal,qpant@example.net,1991776791,"Kala Circle, Nungambakkam, Chennai, Tamil Nadu, India - 614553",01-01-2025,0,South Indian,77,1.2
281,Mason Misra,craman@example.com,0700684193,"Chokshi Chowk, Kilpauk, Chennai, Tamil Nadu, India - 105029",23-07-2024,1,Continental,58,0.66
282,Chanakya Puri,jshan@example.org,02000842292,"Loyal Marg, Nungambakkam, Chennai, Tamil Nadu, India - 698353",21-09-2023,0,South Indian,91,2.1
283,Falak Devan,qsamra@example.com,+911492250879,"Tella Zila, T. Nagar, Chennai, Tamil Nadu, India - 178524",14-01-2021,1,Chinese,34,3.21
284,Nitesh Balay,rauchampak@example.com,02181923200,"Suri Zila, Anna Nagar, Chennai, Tamil Nadu, India - 684481",10-08-2023,0,Italian,51,1.87
285,Ronith Nagi,irya28@example.com,08199561366,"Sathe Nagar, Kilpauk, Chennai, Tamil Nadu, India - 277900",08-09-2023,1,Italian,75,2.03
286,Ganga Ravel,darsh75@example.net,+917001985625,"Ganguly Path, Mylapore, Chennai, Tamil Nadu, India - 610482",26-08-2023,0,South Indian,83,1.22
287,Girindra Purohit,jagvisehgal@example.net,+911160658470,"Karpe Chowk, Guindy, Chennai, Tamil Nadu, India - 716537",27-03-2025,1,Continental,93,2.72
288,Kevin Mukherjee,snehaamble@example.org,03820855818,"Ravel Street, Nungambakkam, Chennai, Tamil Nadu, India - 500033",11-09-2021,0,Continental,87,0.16
289,Panini Soman,kohlipallavi@example.com,09310341929,"Sehgal Path, Anna Nagar, Chennai, Tamil Nadu, India - 941795",25-01-2021,1,Chinese,66,3.29
290,Panini Samra,nilima48@example.net,8101674637,"Gole Nagar, Velachery, Chennai, Tamil Nadu, India - 717855",22-03-2025,0,Italian,83,2.2
291,Yatan Ramesh,adya03@example.org,04573017917,"Mani Zila, Anna Nagar, Chennai, Tamil Nadu, India - 476905",28-11-2024,1,South Indian,31,0.59
292,Priya Viswanathan,ramachandrandhriti@example.com,02990238995,"Pau Circle, Velachery, Chennai, Tamil Nadu, India - 611761",09-06-2022,1,North Indian,27,0.29
293,Chanchal Bhardwaj,odhingra@example.com,06112068515,"Kar, Velachery, Chennai, Tamil Nadu, India - 621104",16-05-2020,1,North Indian,9,4.48
294,Akshay Karan,turviverma@example.com,9973605209,"Chada Marg, Adyar, Chennai, Tamil Nadu, India - 570447",29-03-2022,0,North Indian,76,4.35
295,Gaurika Dalal,uchauhan@example.net,2395286251,"Mistry, Guindy, Chennai, Tamil Nadu, India - 612620",05-12-2020,0,Continental,44,2.63
296,Wriddhish Dey,galaturvi@example.net,+919163350655,"Buch Circle, Velachery, Chennai, Tamil Nadu, India - 013215",26-09-2022,0,Chinese,55,0.48
297,Xalak Sarna,nathanielkhare@example.net,+915177432205,"Wadhwa, T. Nagar, Chennai, Tamil Nadu, India - 715086",20-04-2021,0,Continental,47,3.29
298,Lakshit Koshy,janani46@example.org,9354601980,"Solanki Chowk, Chrompet, Chennai, Tamil Nadu, India - 708870",18-10-2020,1,South Indian,2,3.41
299,Ansh Konda,omya03@example.com,00526589949,"Kota Road, T. Nagar, Chennai, Tamil Nadu, India - 049800",19-11-2022,0,Chinese,36,4.69
300,Hemang Mandal,aadimangal@example.org,04258446729,"Raghavan Path, Tambaram, Chennai, Tamil Nadu, India - 932490",01-04-2020,0,Continental,17,1.14
301,Chaitaly Comar,oeshi89@example.com,8408946030,"Dani Ganj, Velachery, Chennai, Tamil Nadu, India - 996959",26-01-2020,0,Chinese,20,2.47
302,Tanay Devan,bajwaxavier@example.net,2211675832,"Gopal Zila, T. Nagar, Chennai, Tamil Nadu, India - 431839",10-03-2023,0,Continental,74,4.02
303,Meera Sidhu,urishilla11@example.com,7859446599,"Gill Zila, Mylapore, Chennai, Tamil Nadu, India - 429171",09-02-2025,1,Chinese,40,1.61
304,Rayaan Ravi,panchalqabil@example.org,+914900273258,"Goel Ganj, Anna Nagar, Chennai, Tamil Nadu, India - 601209",15-02-2022,1,North Indian,79,4.87
305,Idika Tailor,rayaan33@example.com,+916779484848,"Balay Nagar, Kodambakkam, Chennai, Tamil Nadu, India - 959990",31-08-2024,0,Continental,22,1.69
306,Vanya Ratti,kamala09@example.net,+914960617028,"Madan Path, Kodambakkam, Chennai, Tamil Nadu, India - 872930",15-12-2024,1,South Indian,19,1.52
307,Charan Taneja,goak@example.org,+912355239506,"Sabharwal Road, T. Nagar, Chennai, Tamil Nadu, India - 690201",22-12-2021,0,Continental,93,0.62
308,Saanvi Konda,misradarsh@example.net,08861537747,"Guha Circle, Perungudi, Chennai, Tamil Nadu, India - 572115",29-03-2023,0,North Indian,59,4.48
309,Qushi Swamy,aishani69@example.org,8464259602,"Varty Circle, Adyar, Chennai, Tamil Nadu, India - 102733",19-06-2021,0,Continental,40,4.9
310,Naveen Goyal,tmanda@example.net,08309988842,"Khalsa Road, Nungambakkam, Chennai, Tamil Nadu, India - 531065",28-08-2024,1,South Indian,46,4.14
311,Hamsini Saini,chadhakevin@example.net,+915502546471,"Bora Path, Kilpauk, Chennai, Tamil Nadu, India - 145542",01-07-2023,1,South Indian,27,0.97
312,Lavanya Bava,kamdarharita@example.net,08764076227,"Mahal Marg, Kodambakkam, Chennai, Tamil Nadu, India - 650608",03-09-2023,0,Chinese,83,2.55
313,Daksh Vala,tsastry@example.com,4012646475,"Pandit Circle, Anna Nagar, Chennai, Tamil Nadu, India - 735039",06-04-2020,0,North Indian,1,0.71
314,Naksh Chaudhary,qchandran@example.com,09095114177,"Lall Ganj, Kilpauk, Chennai, Tamil Nadu, India - 623077",12-09-2021,0,Italian,71,4.23
315,Onveer Mukherjee,ytaneja@example.org,+915556134878,"Khare Chowk, Anna Nagar, Chennai, Tamil Nadu, India - 063641",04-01-2024,0,South Indian,26,2.17
316,Vritti Nadig,wsengupta@example.com,+915868324925,"Sanghvi Ganj, T. Nagar, Chennai, Tamil Nadu, India - 013917",17-05-2022,0,Continental,17,2.28
317,Upasna Varughese,rmurty@example.com,2941340015,"Sharma, Anna Nagar, Chennai, Tamil Nadu, India - 045647",14-05-2023,0,Chinese,81,3.24
318,Bhavna Sethi,vdate@example.org,6810768827,"Sen Ganj, Chrompet, Chennai, Tamil Nadu, India - 097272",21-07-2020,1,North Indian,35,4.49
319,Jagdish Dutta,onazareth@example.net,09298112501,"Chatterjee Path, Mylapore, Chennai, Tamil Nadu, India - 714038",06-12-2024,0,Italian,13,2.69
320,Parth Borde,pandeyakshay@example.net,1440065005,"Sur Ganj, Guindy, Chennai, Tamil Nadu, India - 645721",23-06-2023,1,Continental,18,0.21
321,Leela Bakshi,nathaniellad@example.com,4982231732,"De Chowk, Perungudi, Chennai, Tamil Nadu, India - 157835",15-07-2021,1,Italian,26,2.52
322,Finn Kala,revamurthy@example.com,5299066411,"Naidu Zila, Guindy, Chennai, Tamil Nadu, India - 473013",13-07-2020,1,Italian,50,2.3
323,Dipta Kamdar,theodore14@example.com,+915326812431,"Jani Circle, Chrompet, Chennai, Tamil Nadu, India - 658638",30-06-2024,0,Italian,75,0.78
324,Nisha Palan,nperi@example.net,+913014826503,"Nazareth, Kilpauk, Chennai, Tamil Nadu, India - 023973",09-11-2024,0,South Indian,47,3.38
325,Indira Bal,lsidhu@example.org,5699974218,"Balakrishnan Path, Chrompet, Chennai, Tamil Nadu, India - 106827",15-01-2023,1,Continental,81,4.36
326,Jasmit Kaul,pahalaurora@example.org,08982891572,"Magar Nagar, Tambaram, Chennai, Tamil Nadu, India - 793395",17-03-2022,0,South Indian,97,3.05
327,Gaurika Mall,cdhar@example.com,+917907065883,"Bhatt Zila, Adyar, Chennai, Tamil Nadu, India - 911248",04-09-2024,1,Chinese,38,3.55
328,Aachal Sodhi,robert65@example.com,00917005382,"Nayar Ganj, Chrompet, Chennai, Tamil Nadu, India - 567198",24-05-2022,0,Italian,92,1.09
329,Madhavi Kamdar,edwinchatresh@example.com,4454415709,"Ganguly, Kilpauk, Chennai, Tamil Nadu, India - 162481",20-09-2023,1,Continental,86,0.91
330,Sudiksha Sachar,ektasur@example.org,02376149817,"Chand Chowk, Anna Nagar, Chennai, Tamil Nadu, India - 831560",04-06-2025,0,North Indian,99,4.74
331,Shivani Halder,oliversankaran@example.org,4999675167,"Ahluwalia Road, Velachery, Chennai, Tamil Nadu, India - 548324",17-09-2020,0,Chinese,60,4.58
332,Osha Srivastava,vasudha71@example.com,8084473891,"Shroff Path, Anna Nagar, Chennai, Tamil Nadu, India - 031768",05-05-2022,0,Chinese,16,3.66
333,Wishi Sani,dakshlalla@example.net,4943454825,"Sankar Ganj, Kilpauk, Chennai, Tamil Nadu, India - 633515",19-10-2021,0,Continental,78,0.54
334,Jackson Dugar,hemanginigoel@example.com,08970090639,"Balasubramanian Path, Mylapore, Chennai, Tamil Nadu, India - 531198",17-01-2021,1,South Indian,0,1.1
335,Kabir Sandal,oeshi09@example.org,+917894217214,"Bhargava Path, Perungudi, Chennai, Tamil Nadu, India - 251595",21-11-2020,1,Continental,21,3.33
336,Gaurang Ramesh,abdulsalvi@example.net,7288244577,"Sandal Street, Adyar, Chennai, Tamil Nadu, India - 471788",18-12-2024,0,Italian,11,2.83
337,Lila Kamdar,bhardwajmekhala@example.com,6958963690,"Arora Zila, Adyar, Chennai, Tamil Nadu, India - 037615",15-08-2024,0,North Indian,63,0
338,Dalbir Rama,kothariwarda@example.com,+918034096970,"Boase Zila, Chrompet, Chennai, Tamil Nadu, India - 842146",03-08-2024,0,South Indian,89,3.02
339,Bhavna Das,masterlopa@example.net,7130662558,"Savant Circle, Tambaram, Chennai, Tamil Nadu, India - 622784",04-12-2022,0,Chinese,31,0.35
340,Azaan Prabhu,rachanamodi@example.com,5799404323,"Basu Zila, Mylapore, Chennai, Tamil Nadu, India - 406264",29-12-2024,1,North Indian,54,4.06
341,Aarnav Nadig,dixityatin@example.net,01038722745,"Barad Chowk, Kilpauk, Chennai, Tamil Nadu, India - 771923",13-12-2023,1,Italian,97,3.43
342,Bimala Devan,unnatimodi@example.net,08049937496,"Sunder Ganj, Kilpauk, Chennai, Tamil Nadu, India - 725451",12-11-2022,0,North Indian,23,3.86
343,Gunbir Devan,bhanumati85@example.net,+917463205333,"Bobal Marg, Kilpauk, Chennai, Tamil Nadu, India - 540851",19-03-2025,1,Chinese,32,0.04
344,Upma Menon,pantpraneel@example.org,+912423980988,"Prakash, T. Nagar, Chennai, Tamil Nadu, India - 809131",18-02-2021,0,Continental,35,0.16
345,Vidhi Mohan,khalsavrinda@example.net,2850141029,"Chawla Chowk, Kilpauk, Chennai, Tamil Nadu, India - 430188",17-01-2021,0,North Indian,36,4.08
346,Bhanumati Mittal,advaith14@example.com,07276511971,"Sahni Chowk, Adyar, Chennai, Tamil Nadu, India - 493507",13-10-2022,0,Continental,11,0.51
347,Lavanya Mittal,yagneshramaswamy@example.com,4116053277,"Kapur Road, Perungudi, Chennai, Tamil Nadu, India - 984535",11-09-2021,0,Italian,100,0.74
348,Irya Bhakta,ibrahmbhatt@example.com,8163985755,"Doshi, Guindy, Chennai, Tamil Nadu, India - 731388",06-04-2022,1,North Indian,89,4.3
349,Abha Sinha,eshanagrewal@example.net,+918739139686,"Gopal Path, Guindy, Chennai, Tamil Nadu, India - 874556",27-06-2024,0,Italian,5,1.77
350,Aishani Lala,chaturacheema@example.net,04016461453,"Kulkarni Nagar, Kilpauk, Chennai, Tamil Nadu, India - 594684",04-06-2022,1,Continental,46,2.75
351,Ranbir Subramanian,dalbirtiwari@example.org,05703558692,"Tella Path, Mylapore, Chennai, Tamil Nadu, India - 044922",07-05-2023,0,Italian,9,3.36
352,Warda Khosla,zaitrabandi@example.com,+910377227760,"Merchant Zila, Perungudi, Chennai, Tamil Nadu, India - 257865",01-02-2024,1,Chinese,65,3.65
353,Chandresh Radhakrishnan,rnarayanan@example.com,+911575697706,"Bobal Circle, Kilpauk, Chennai, Tamil Nadu, India - 621314",20-07-2024,1,North Indian,77,2.47
354,Rajata Chadha,hkala@example.org,+916271208297,"Goda Path, Mylapore, Chennai, Tamil Nadu, India - 518386",06-02-2025,0,Chinese,75,0.8
355,Charles Chandran,masonbrar@example.net,+914445158070,"Majumdar Nagar, Perungudi, Chennai, Tamil Nadu, India - 245846",02-05-2023,1,Continental,39,4.35
356,Krishna Patel,bariarudra@example.org,+913207550644,"Devi Chowk, Chrompet, Chennai, Tamil Nadu, India - 985554",08-03-2025,1,South Indian,73,4.04
357,Jairaj Contractor,sherehredhaan@example.org,9490888707,"Bhat Nagar, Kilpauk, Chennai, Tamil Nadu, India - 478754",03-12-2021,1,North Indian,16,1.79
358,Pallavi Chandra,watikavarghese@example.net,01821787302,"Golla Marg, Kodambakkam, Chennai, Tamil Nadu, India - 961050",20-08-2021,1,North Indian,100,3.84
359,Krisha Palla,ybhardwaj@example.org,2711128198,"Saha Circle, Guindy, Chennai, Tamil Nadu, India - 793616",19-02-2023,0,Chinese,55,0.39
360,Tanveer Chand,jsood@example.com,+919329452601,"Gole Road, Chrompet, Chennai, Tamil Nadu, India - 691967",09-06-2023,0,North Indian,79,0.65
361,Aarini Thakkar,rgrewal@example.org,+912801293122,"Sundaram Chowk, Anna Nagar, Chennai, Tamil Nadu, India - 444290",13-07-2023,0,North Indian,24,4.23
362,Qushi Lata,libni61@example.com,01710904313,"Hari Chowk, Nungambakkam, Chennai, Tamil Nadu, India - 075165",28-10-2024,0,Continental,39,0.54
363,Samar Hegde,zilmilseshadri@example.net,+912632540017,"Divan Marg, Kilpauk, Chennai, Tamil Nadu, India - 494288",07-12-2023,1,Continental,61,4.29
364,Advika Bassi,orinder15@example.net,2791595354,"Bains Chowk, Mylapore, Chennai, Tamil Nadu, India - 701191",20-02-2020,0,North Indian,71,3.32
365,Janani Bajwa,wazir64@example.net,+918232832948,"Pillai Zila, Tambaram, Chennai, Tamil Nadu, India - 730989",16-05-2020,0,Italian,41,2.24
366,Wahab Nath,duttudyati@example.org,+916574304815,"Bhandari Street, Nungambakkam, Chennai, Tamil Nadu, India - 904127",22-05-2021,1,Continental,91,1.93
367,Darika Wagle,ekantika39@example.org,3326095639,"Mani Ganj, T. Nagar, Chennai, Tamil Nadu, India - 575979",01-09-2023,0,Continental,39,3.39
368,Yug Ray,duttdipta@example.net,2913806296,"Prakash Zila, Nungambakkam, Chennai, Tamil Nadu, India - 058825",23-10-2024,0,Continental,40,1.73
369,Aishani Mital,mukhopadhyayrudra@example.org,2082030920,"Baria Marg, Mylapore, Chennai, Tamil Nadu, India - 887189",08-10-2022,0,South Indian,95,3.56
370,Noah Palan,tankbhavani@example.com,01029726919,"Toor Zila, T. Nagar, Chennai, Tamil Nadu, India - 513404",05-07-2021,1,North Indian,13,2.98
371,Aadhya Pandya,kadakiaupkaar@example.org,+914231636293,"Maharaj Nagar, Perungudi, Chennai, Tamil Nadu, India - 841364",27-09-2020,1,Continental,83,3.14
372,Ekanta Manne,muttianay@example.net,2451321023,"Puri Ganj, Kodambakkam, Chennai, Tamil Nadu, India - 153664",06-11-2024,1,South Indian,17,1.71
373,Meera Singhal,lohit76@example.org,+918173715300,"Raj Nagar, Chrompet, Chennai, Tamil Nadu, India - 971021",06-01-2020,0,South Indian,53,0.19
374,Rajata Sahni,pvasa@example.org,08543703718,"Badami Chowk, Velachery, Chennai, Tamil Nadu, India - 208378",11-08-2021,0,Continental,77,2.9
375,Yachana Narula,davidgarg@example.com,+914862107796,"Kuruvilla, Tambaram, Chennai, Tamil Nadu, India - 001372",21-09-2020,0,Continental,84,4.82
376,Daksh Kalla,darika97@example.org,8713372814,"Sridhar Road, Anna Nagar, Chennai, Tamil Nadu, India - 466220",19-06-2025,1,Continental,66,0.54
377,Saumya Hari,raagini86@example.com,00890633802,"Sharaf, Nungambakkam, Chennai, Tamil Nadu, India - 589602",28-07-2024,1,Continental,68,0.87
378,Vedhika Hari,sanyakuruvilla@example.com,+914697489774,"Modi Path, Chrompet, Chennai, Tamil Nadu, India - 402623",30-03-2024,0,South Indian,52,1.54
379,Jackson Purohit,liam89@example.net,03270135041,"Sodhi Circle, Kodambakkam, Chennai, Tamil Nadu, India - 683998",08-10-2020,1,Chinese,97,1.17
380,Falan Saha,gunbirmalhotra@example.org,+914143281880,"Kapadia Street, Anna Nagar, Chennai, Tamil Nadu, India - 019059",07-09-2021,0,Chinese,13,4.35
381,Chaaya Issac,yzacharia@example.org,06062038297,"Mahal Marg, Guindy, Chennai, Tamil Nadu, India - 986976",01-11-2024,0,North Indian,29,2.11
382,Nitesh Sodhi,borraedhitha@example.com,01600605553,"Mohanty, Nungambakkam, Chennai, Tamil Nadu, India - 318598",29-07-2024,1,Italian,68,0.31
383,Anya Nayar,nikita69@example.com,07492203764,"Tata Ganj, Mylapore, Chennai, Tamil Nadu, India - 222327",31-03-2025,0,North Indian,83,2.85
384,Ridhi Gara,wnaik@example.org,+916403901702,"Naidu Circle, Perungudi, Chennai, Tamil Nadu, India - 558757",23-02-2023,0,Chinese,94,4.37
385,Maanas Bhatt,kotharibarkha@example.net,8911541554,"Mahal Path, Kodambakkam, Chennai, Tamil Nadu, India - 449310",26-11-2020,1,Italian,46,3.74
386,Yutika Nagy,nihal61@example.org,04066198436,"Bora Zila, T. Nagar, Chennai, Tamil Nadu, India - 638506",28-09-2024,0,Continental,7,3.05
387,Anmol Rajagopal,patrick67@example.org,+917296889264,"Palla Chowk, Velachery, Chennai, Tamil Nadu, India - 185254",08-10-2021,0,Chinese,99,3.09
388,Ekani Krish,vthaman@example.org,+914025024515,"Khalsa Road, Chrompet, Chennai, Tamil Nadu, India - 344877",03-11-2021,1,South Indian,86,4.06
389,Samesh Venkatesh,abhimanyuwadhwa@example.net,+915241964594,"Sharaf Zila, Chrompet, Chennai, Tamil Nadu, India - 954006",06-02-2021,1,Chinese,38,4.9
390,Aditya Rana,ikala@example.net,6836547256,"Sarna Circle, Kodambakkam, Chennai, Tamil Nadu, India - 097138",01-05-2025,0,Italian,66,0.18
391,Mason Chakraborty,somanbhavika@example.net,7882373698,"Nair Ganj, Kodambakkam, Chennai, Tamil Nadu, India - 774959",20-05-2022,1,Chinese,7,2.51
392,Fiyaz Mittal,vincentpalla@example.net,3811118843,"Hayre Nagar, Kilpauk, Chennai, Tamil Nadu, India - 924449",12-01-2023,1,South Indian,34,5
393,Januja Ratta,zrai@example.net,5203456398,"Wagle Road, Tambaram, Chennai, Tamil Nadu, India - 392124",24-09-2022,1,Italian,71,2.3
394,Mohammed Divan,mastermeera@example.net,4970909982,"Nanda Path, Adyar, Chennai, Tamil Nadu, India - 219596",22-03-2022,1,South Indian,12,2.97
395,Gaurangi Mitter,nsuresh@example.com,01248791281,"Vyas, Velachery, Chennai, Tamil Nadu, India - 924725",13-06-2025,0,Continental,98,3.19
396,Yatin Balan,nsubramaniam@example.org,5971082999,"Srinivasan Nagar, Chrompet, Chennai, Tamil Nadu, India - 667917",22-07-2024,0,Chinese,26,1.03
397,Triveni Buch,pallaranveer@example.org,3683759106,"Wali Nagar, Chrompet, Chennai, Tamil Nadu, India - 504548",09-08-2021,1,Continental,15,4.6
398,Dipta Chatterjee,malhotrajagvi@example.net,01241034817,"Srinivas Path, Mylapore, Chennai, Tamil Nadu, India - 077682",22-03-2024,1,Continental,49,0.07
399,David Saran,modyudant@example.com,5456453806,"Sabharwal Chowk, Adyar, Chennai, Tamil Nadu, India - 349717",22-03-2025,0,Italian,20,2.8
400,Falan Kothari,brahmbhattdarika@example.org,02366426017,"Mann Road, T. Nagar, Chennai, Tamil Nadu, India - 183046",21-04-2025,0,Italian,72,1.98
401,Rishi Upadhyay,uppaltheodore@example.net,03813316511,"Saxena Chowk, Velachery, Chennai, Tamil Nadu, India - 645248",20-02-2024,0,South Indian,21,2.21
402,Sathvik Narain,sshah@example.org,7750946223,"Chad Marg, Adyar, Chennai, Tamil Nadu, India - 117467",20-12-2022,1,South Indian,11,0.01
403,Vincent Varty,aurorayatin@example.com,+915325393178,"Vig Marg, Guindy, Chennai, Tamil Nadu, India - 212769",26-11-2024,1,Continental,21,1.41
404,Victor Mallick,jackvohra@example.net,+917606532642,"Pathak Street, Guindy, Chennai, Tamil Nadu, India - 246325",14-06-2022,1,Continental,97,0.25
405,Manbir Shanker,benjaminmukherjee@example.org,09249538686,"Raju Nagar, Chrompet, Chennai, Tamil Nadu, India - 398589",23-03-2022,1,North Indian,68,4.69
406,Inaya Nayar,aadigulati@example.net,2471961323,"Sarkar Zila, Adyar, Chennai, Tamil Nadu, India - 481042",21-03-2022,1,North Indian,85,4.91
407,Ubika Buch,xyadav@example.org,06397774151,"Ramaswamy Road, Tambaram, Chennai, Tamil Nadu, India - 238582",02-09-2022,0,Italian,18,3.2
408,Warinder Munshi,pdora@example.com,+911868152478,"Buch Circle, T. Nagar, Chennai, Tamil Nadu, India - 376259",16-02-2021,1,North Indian,5,0.83
409,Lajita Sabharwal,katagaurang@example.net,04990366058,"Patel Chowk, T. Nagar, Chennai, Tamil Nadu, India - 034512",04-08-2020,1,North Indian,8,0.88
410,Sara Palla,prishavaidya@example.com,+919092991257,"Iyer Street, Velachery, Chennai, Tamil Nadu, India - 819349",30-12-2023,1,North Indian,82,4.88
411,Zaid Rout,gtrivedi@example.net,00637699346,"Yadav Circle, Adyar, Chennai, Tamil Nadu, India - 465369",22-11-2024,0,Continental,56,1.94
412,Priya Oommen,rajagopalanalexander@example.net,3163223344,"Som Road, Nungambakkam, Chennai, Tamil Nadu, India - 610946",08-02-2023,1,Italian,80,0.12
413,Samuel Subramaniam,ramakrishnanrayaan@example.net,05163985018,"Brar Zila, Chrompet, Chennai, Tamil Nadu, India - 478023",21-11-2022,1,Chinese,99,3.12
414,Manan Bala,dhritiwagle@example.com,2594525406,"Sarin Zila, Adyar, Chennai, Tamil Nadu, India - 667974",04-01-2022,0,North Indian,88,2.54
415,Yasti Setty,harinakshisibal@example.org,07769483824,"Ahluwalia Chowk, Perungudi, Chennai, Tamil Nadu, India - 153085",07-02-2023,0,South Indian,53,1.56
416,Bimala Kumar,anika16@example.org,+918063518639,"Sarin, Tambaram, Chennai, Tamil Nadu, India - 554481",02-12-2022,0,Chinese,49,4.98
417,Kritika Khalsa,dharnisha@example.net,03412545920,"Tata, Chrompet, Chennai, Tamil Nadu, India - 737694",16-02-2023,0,Italian,91,4.45
418,Ishanvi Cherian,revakakar@example.org,04802689578,"Date Circle, Adyar, Chennai, Tamil Nadu, India - 094440",28-01-2025,1,Italian,17,3.84
419,Kashish Ghosh,cboase@example.net,01676833387,"Karnik, Kodambakkam, Chennai, Tamil Nadu, India - 315359",06-04-2020,0,Italian,12,1.96
420,Dipta Sathe,naveenzachariah@example.com,5726957931,"Magar Path, Nungambakkam, Chennai, Tamil Nadu, India - 992724",04-06-2024,1,Italian,13,1.07
421,Rehaan Chad,caleb63@example.net,3360026477,"De Path, Kodambakkam, Chennai, Tamil Nadu, India - 522693",17-04-2023,0,Continental,57,4.88
422,Yutika Tella,ulad@example.org,1228904755,"Kannan Street, Tambaram, Chennai, Tamil Nadu, India - 200750",07-01-2021,0,Continental,46,2.87
423,Bahadurjit Hayre,mugdhatrivedi@example.com,+911485721865,"Sehgal Street, T. Nagar, Chennai, Tamil Nadu, India - 472948",02-07-2025,0,South Indian,33,3.63
424,Aditya Lala,amrutaiyengar@example.net,7053321725,"Bandi, Chrompet, Chennai, Tamil Nadu, India - 583189",31-01-2021,0,Chinese,70,0.84
425,Utkarsh Bora,jasonsagar@example.org,07212058923,"Dhar Ganj, Tambaram, Chennai, Tamil Nadu, India - 363547",06-02-2021,1,Italian,39,4.74
426,Forum Dass,xsangha@example.org,7448688269,"Sani Road, Tambaram, Chennai, Tamil Nadu, India - 472564",18-04-2023,1,Italian,16,1.75
427,Chatresh Nayak,gaurangdate@example.org,+919078422984,"De Marg, Perungudi, Chennai, Tamil Nadu, India - 248337",07-06-2024,0,South Indian,7,3.71
428,Kamala Sarkar,voragaurangi@example.net,8552342236,"Mander Path, T. Nagar, Chennai, Tamil Nadu, India - 709182",24-05-2020,0,North Indian,41,2.92
429,Isaac Chandra,indrajit72@example.org,00286766201,"Gill Circle, Kodambakkam, Chennai, Tamil Nadu, India - 487126",11-06-2020,1,North Indian,97,1.93
430,Keya Jaggi,chackoagastya@example.net,08611878773,"Bhat, Perungudi, Chennai, Tamil Nadu, India - 416581",04-02-2025,0,Continental,34,4.38
431,Chavvi Ravi,mangallibni@example.org,+914486393157,"Yogi Street, Perungudi, Chennai, Tamil Nadu, India - 879995",09-03-2022,0,North Indian,7,1.95
432,Aarush Banerjee,varenya28@example.com,+919334119071,"Hayer Chowk, Perungudi, Chennai, Tamil Nadu, India - 226428",17-11-2020,0,South Indian,65,0.33
433,Falguni Misra,warhi76@example.org,02886431959,"Kata Street, Perungudi, Chennai, Tamil Nadu, India - 389824",29-07-2020,0,Italian,30,2.11
434,Isha Shan,oshasinghal@example.com,+917704379715,"Wable Zila, Guindy, Chennai, Tamil Nadu, India - 533434",10-06-2022,1,North Indian,71,2.11
435,Yashica Baral,kuruvillavincent@example.net,8156007240,"Rau Chowk, Nungambakkam, Chennai, Tamil Nadu, India - 980361",21-10-2020,1,Continental,70,4.73
436,Dhriti Bhatnagar,wriddhish93@example.net,7078640024,"Narain Zila, Velachery, Chennai, Tamil Nadu, India - 770849",01-01-2021,1,Italian,12,2.1
437,Anmol Parmar,udarshkrishna@example.com,03120382968,"Venkataraman Ganj, Anna Nagar, Chennai, Tamil Nadu, India - 391996",10-05-2025,0,Chinese,57,3.59
438,Chakradhar Dhawan,gaurangimadan@example.com,3637994988,"Issac, Adyar, Chennai, Tamil Nadu, India - 187429",05-06-2023,1,Continental,17,3.24
439,Ojasvi Nanda,omya67@example.com,7140081327,"Pai Marg, T. Nagar, Chennai, Tamil Nadu, India - 897278",02-06-2020,0,Italian,86,3.93
440,Nisha Madan,liam96@example.org,+918748230033,"Dyal Ganj, Chrompet, Chennai, Tamil Nadu, India - 068313",13-09-2022,0,Italian,39,2.53
441,Yadavi Doshi,haribhavani@example.net,05059759262,"Dey Chowk, Adyar, Chennai, Tamil Nadu, India - 430039",03-03-2021,0,Continental,33,0.84
442,Ijaya Shan,psharma@example.net,05957753437,"Roy Ganj, Chrompet, Chennai, Tamil Nadu, India - 323182",26-05-2022,1,North Indian,66,1.49
443,Yauvani Dhawan,cdayal@example.com,6388546316,"Sampath Path, Kilpauk, Chennai, Tamil Nadu, India - 239028",02-03-2023,0,Chinese,69,4.99
444,Tara Khatri,zbehl@example.net,00910115258,"Varkey Path, Kilpauk, Chennai, Tamil Nadu, India - 037916",31-07-2020,1,Italian,23,0.73
445,Girik Sule,fkhatri@example.com,+915828628807,"Dhawan Street, Velachery, Chennai, Tamil Nadu, India - 312234",16-06-2025,0,Continental,36,4.33
446,Peter Subramanian,oshukla@example.net,04265750558,"Virk Road, Adyar, Chennai, Tamil Nadu, India - 430484",06-05-2025,0,Italian,26,2.98
447,Balhaar Arya,khannanirja@example.com,+912372305100,"Iyer, Perungudi, Chennai, Tamil Nadu, India - 860117",04-07-2021,0,Continental,90,0.76
448,Pooja Savant,shankerrehaan@example.net,6245289329,"Malhotra, Chrompet, Chennai, Tamil Nadu, India - 837669",08-09-2023,1,Chinese,63,0.73
449,George Chacko,jupadhyay@example.org,07439183095,"Mall Street, Velachery, Chennai, Tamil Nadu, India - 934527",17-02-2022,0,South Indian,58,4.43
450,Isha Chaudhari,duttaluke@example.com,02604264866,"Vyas Street, Tambaram, Chennai, Tamil Nadu, India - 173663",07-08-2022,0,North Indian,79,2.21
451,Waida Sama,tmody@example.net,2679737855,"Setty Nagar, Guindy, Chennai, Tamil Nadu, India - 242845",21-04-2020,1,South Indian,3,4.56
452,Fiyaz Bajwa,kvig@example.net,06925228752,"Dube Street, Tambaram, Chennai, Tamil Nadu, India - 565093",07-03-2022,1,South Indian,11,1.39
453,Manan Dey,puritanveer@example.net,02112051658,"Rai Nagar, Kodambakkam, Chennai, Tamil Nadu, India - 625499",11-12-2021,0,Continental,84,2.7
454,Edhitha Bhakta,lsinha@example.com,5958167613,"Khalsa Path, Anna Nagar, Chennai, Tamil Nadu, India - 475810",10-05-2021,1,Continental,74,2.31
455,Urvi Nori,rbir@example.com,+918410020549,"Nayak, Guindy, Chennai, Tamil Nadu, India - 222908",10-10-2023,1,Chinese,18,4.46
456,Tamanna Mandal,wpai@example.net,7777687469,"Boase Street, Guindy, Chennai, Tamil Nadu, India - 220732",13-12-2024,0,Italian,3,4.33
457,Dalbir Agarwal,dayamai66@example.org,2340134763,"Walla Marg, T. Nagar, Chennai, Tamil Nadu, India - 934224",15-04-2020,0,North Indian,17,0.31
458,Tanmayi Srinivasan,forumramanathan@example.net,3996750277,"Sandhu Circle, Tambaram, Chennai, Tamil Nadu, India - 779294",09-02-2022,0,Chinese,56,1.8
459,Yahvi Sane,zehaan87@example.com,+916977727596,"Naidu Marg, Adyar, Chennai, Tamil Nadu, India - 503580",05-06-2020,1,Italian,100,3.52
460,Jeremiah Verma,mbali@example.com,01695666991,"Palla Nagar, Nungambakkam, Chennai, Tamil Nadu, India - 482212",30-08-2024,0,Chinese,11,2.87
461,Yashoda Subramaniam,omyanarayan@example.org,+914915254827,"Nagarajan Ganj, Perungudi, Chennai, Tamil Nadu, India - 387489",20-04-2020,0,South Indian,79,2.65
462,Dhriti Narula,omyatalwar@example.com,+911172735746,"Ganesan Road, Kodambakkam, Chennai, Tamil Nadu, India - 104812",30-04-2020,1,Continental,90,4.39
463,Hardik Bansal,varugheseoni@example.org,09983028709,"Halder Path, Velachery, Chennai, Tamil Nadu, India - 778922",21-01-2020,0,Chinese,11,1.76
464,Omya Sant,kumerronith@example.net,6360596531,"Hayer Circle, Anna Nagar, Chennai, Tamil Nadu, India - 675806",17-09-2021,1,Continental,3,4.7
465,Omisha Malhotra,avni13@example.org,03272835129,"Jha Nagar, T. Nagar, Chennai, Tamil Nadu, India - 338009",04-09-2022,1,Continental,87,3.76
466,Indrajit Dass,hmadan@example.com,2955182824,"Gill Marg, Perungudi, Chennai, Tamil Nadu, India - 339198",08-11-2022,1,South Indian,73,3.46
467,Lohit Nagarajan,maanav41@example.org,8126999007,"Srivastava Nagar, Anna Nagar, Chennai, Tamil Nadu, India - 234623",11-11-2020,0,South Indian,83,0.76
468,Indali Bedi,sahotavedhika@example.net,03211701369,"Manda Path, Adyar, Chennai, Tamil Nadu, India - 801483",22-06-2022,0,North Indian,62,1.09
469,Anthony Gaba,hcheema@example.org,8383299581,"Dasgupta Zila, Tambaram, Chennai, Tamil Nadu, India - 597398",05-03-2025,0,Continental,49,3.45
470,Daksha Parmer,harrison92@example.net,04063490229,"Saxena, Perungudi, Chennai, Tamil Nadu, India - 604813",04-09-2023,1,Continental,37,3.49
471,Noah Shukla,kluthra@example.net,05411592724,"Purohit Road, Tambaram, Chennai, Tamil Nadu, India - 596852",20-06-2023,0,South Indian,63,0.08
472,Adweta More,bailoliver@example.com,+916791579562,"Ramakrishnan Marg, T. Nagar, Chennai, Tamil Nadu, India - 079822",09-03-2022,1,Italian,24,1.46
473,Maya Munshi,pillaiekbal@example.com,+915721749317,"Oak Ganj, Anna Nagar, Chennai, Tamil Nadu, India - 120370",17-07-2020,1,Continental,40,1.73
474,Januja Sachar,pratyush23@example.net,+919616075354,"Bumb Path, Velachery, Chennai, Tamil Nadu, India - 589085",11-03-2023,1,Chinese,32,3.55
475,Ladli Dugar,ozaharita@example.com,02811545940,"D’Alia Circle, Nungambakkam, Chennai, Tamil Nadu, India - 783377",14-01-2020,1,Continental,57,4.75
476,Ayaan Malhotra,subramanianbalvan@example.org,+914584478960,"Iyer Ganj, Kodambakkam, Chennai, Tamil Nadu, India - 861097",26-10-2024,0,South Indian,2,0.95
477,Idika Hegde,turvidube@example.net,03397516639,"Anne Nagar, Velachery, Chennai, Tamil Nadu, India - 845798",24-10-2020,1,Italian,93,3.76
478,Mahika Sodhi,qtata@example.org,+912907194938,"Saran Road, Tambaram, Chennai, Tamil Nadu, India - 201666",21-01-2023,1,South Indian,31,1.67
479,Inaya Mutti,ekaniraman@example.com,2857026705,"Deol Marg, T. Nagar, Chennai, Tamil Nadu, India - 923380",01-06-2025,0,South Indian,47,4.42
480,Jasmit Prabhakar,pvig@example.org,4823638522,"Johal Circle, Anna Nagar, Chennai, Tamil Nadu, India - 667550",01-06-2023,0,Italian,57,4.14
481,Gayathri Bains,dhritikar@example.com,+913137379882,"Chakrabarti Nagar, Mylapore, Chennai, Tamil Nadu, India - 695629",25-06-2023,0,Italian,46,3.45
482,Ekani Desai,kamalashankar@example.com,+915178577685,"Bhatia, T. Nagar, Chennai, Tamil Nadu, India - 374751",30-05-2024,0,Italian,13,0.2
483,Chatura Sinha,qadimnarayan@example.net,03312864321,"Sridhar Circle, Mylapore, Chennai, Tamil Nadu, India - 450756",16-04-2020,0,Continental,100,3.27
484,Aahana Luthra,quincy03@example.org,01905746779,"Tella Road, Velachery, Chennai, Tamil Nadu, India - 610941",15-04-2024,1,South Indian,74,0.47
485,Parth Kunda,ubikalall@example.org,4865046354,"Goswami Ganj, Anna Nagar, Chennai, Tamil Nadu, India - 306371",03-03-2024,1,Chinese,16,2.89
486,Tejas Loyal,dhritiradhakrishnan@example.org,+913640040955,"Yadav, Kilpauk, Chennai, Tamil Nadu, India - 774568",04-09-2020,0,North Indian,42,4.33
487,Chandani Kar,kgala@example.com,+915798524349,"Gandhi Chowk, T. Nagar, Chennai, Tamil Nadu, India - 981933",01-04-2025,0,South Indian,22,1.43
488,Nandini Gopal,xbaria@example.net,+912029243499,"Murty Zila, T. Nagar, Chennai, Tamil Nadu, India - 002481",08-01-2021,1,Continental,11,1.51
489,Vaishnavi Chopra,indalicherian@example.com,+912135603490,"Dutta Ganj, Perungudi, Chennai, Tamil Nadu, India - 927064",09-06-2024,0,Italian,90,5
490,Ekiya Saran,arinvaidya@example.com,01922019676,"Lall Chowk, Tambaram, Chennai, Tamil Nadu, India - 389981",31-12-2024,0,North Indian,67,4.28
491,Michael Balay,janiekapad@example.org,02773000102,"Kata Zila, Tambaram, Chennai, Tamil Nadu, India - 753273",09-10-2024,1,Continental,67,1.68
492,Leela Deshmukh,akar@example.com,07826592858,"Subramaniam Ganj, Kodambakkam, Chennai, Tamil Nadu, India - 264148",31-01-2023,1,North Indian,97,4.31
493,Harshil Tank,charan94@example.org,1849906598,"Goda Nagar, Adyar, Chennai, Tamil Nadu, India - 674739",28-04-2024,0,Italian,41,2.22
494,Nitesh Kalla,nsaxena@example.org,09574204272,"Mane Street, T. Nagar, Chennai, Tamil Nadu, India - 174768",03-06-2023,0,South Indian,13,2.39
495,Anya Babu,bsuresh@example.org,7932723659,"Wagle Chowk, Anna Nagar, Chennai, Tamil Nadu, India - 814754",06-02-2021,1,South Indian,76,2.9
496,Tanveer Patla,jonathansidhu@example.com,+916231319229,"Raman Zila, Guindy, Chennai, Tamil Nadu, India - 241779",11-06-2021,0,North Indian,20,2.1
497,Falguni Agarwal,simonkoshy@example.org,08083591215,"Peri Path, Chrompet, Chennai, Tamil Nadu, India - 713755",18-03-2020,1,South Indian,97,0.99
498,Henry Palan,ranveer96@example.org,2705316941,"De Zila, Kodambakkam, Chennai, Tamil Nadu, India - 213934",07-05-2024,1,Italian,19,0.21
499,Jeevika Dutt,snarain@example.net,+914411567706,"Lad Path, Adyar, Chennai, Tamil Nadu, India - 279789",10-11-2023,0,North Indian,70,4.77
500,Suhani Dave,mishrabimala@example.org,3178043840,"Karan Chowk, Kilpauk, Chennai, Tamil Nadu, India - 267221",06-06-2025,1,North Indian,40,3.36
